,Role,Name,Movie,gender
1,writer,Brian Lynch,5113040,male
2,director,Chris Renaud,5113040,mostly_male
3,director,Jonathan del Val,5113040,male
4,actor,Patton Oswalt,5113040,unknown
5,actor,Kevin Hart,5113040,male
6,actor,Harrison Ford,5113040,male
7,writer,Brian Duffield,4225622,male
8,director,McG,4225622,unknown
9,actor,Judah Lewis,4225622,male
10,actor,Samara Weaving,4225622,female
11,actor,Robbie Amell,4225622,male
12,writer,Charles Addams,0101272,male
13,writer,Caroline Thompson,0101272,female
14,writer,Larry Wilson,0101272,male
15,director,Barry Sonnenfeld,0101272,male
16,actor,Anjelica Huston,0101272,unknown
17,actor,Raul Julia,0101272,male
18,actor,Christopher Lloyd,0101272,male
19,writer,Rosalind Wiseman,0377092,female
20,writer,Tina Fey,0377092,female
21,director,Mark Waters,0377092,male
22,actor,Lindsay Lohan,0377092,mostly_female
23,actor,Rachel McAdams,0377092,female
24,actor,Tina Fey,0377092,female
25,writer,Seth Rogen,0829482,male
26,writer,Evan Goldberg,0829482,male
27,director,Greg Mottola,0829482,male
28,actor,Jonah Hill,0829482,male
29,actor,Michael Cera,0829482,male
30,actor,Christopher Mintz-Plasse,0829482,male
31,writer,Lowell Cunningham,0119654,male
32,writer,Ed Solomon,0119654,male
33,writer,Ed Solomon,0119654,male
34,director,Barry Sonnenfeld,0119654,male
35,actor,Tommy Lee Jones,0119654,male
36,actor,Will Smith,0119654,mostly_male
37,actor,Linda Fiorentino,0119654,female
38,writer,Richard Linklater,0106677,male
39,director,Richard Linklater,0106677,male
40,actor,Jason London,0106677,male
41,actor,Joey Lauren Adams,0106677,male
42,actor,Milla Jovovich,0106677,female
43,writer,Christopher Landon,8155288,male
44,writer,Scott Lobdell,8155288,male
45,director,Christopher Landon,8155288,male
46,actor,Jessica Rothe,8155288,female
47,actor,Israel Broussard,8155288,male
48,actor,Phi Vu,8155288,mostly_male
49,writer,Tom S. Parker,0109813,male
50,writer,Jim Jennewein,0109813,male
51,writer,Steven E. de Souza,0109813,male
52,director,Brian Levant,0109813,male
53,actor,John Goodman,0109813,male
54,actor,Elizabeth Perkins,0109813,female
55,actor,Rick Moranis,0109813,male
56,writer,Michael Dougherty,0862856,male
57,director,Michael Dougherty,0862856,male
58,actor,Dylan Baker,0862856,mostly_male
59,actor,Rochelle Aytes,0862856,female
60,actor,Quinn Lord,0862856,mostly_male
61,writer,Emily Halpern,1489887,female
62,writer,Sarah Haskins,1489887,female
63,writer,Susanna Fogel,1489887,female
64,writer,Katie Silberman,1489887,female
65,director,Olivia Wilde,1489887,female
66,actor,Kaitlyn Dever,1489887,female
67,actor,Beanie Feldstein,1489887,unknown
68,actor,Jessica Williams,1489887,female
69,writer,Justin Theroux,0942385,male
70,writer,Ben Stiller,0942385,male
71,writer,Etan Cohen,0942385,unknown
72,writer,Ben Stiller,0942385,male
73,writer,Justin Theroux,0942385,male
74,director,Ben Stiller,0942385,male
75,actor,Jeff Kahn,0942385,male
76,actor,Robert Downey Jr.,0942385,male
77,actor,Anthony Ruivivar,0942385,male
78,writer,Harold Ramis,0077975,male
79,writer,Douglas Kenney,0077975,male
80,writer,Chris Miller,0077975,mostly_male
81,director,John Landis,0077975,male
82,actor,Tom Hulce,0077975,male
83,actor,Stephen Furst,0077975,male
84,actor,Mark Metcalf,0077975,male
85,writer,Jane Goldman,2802144,female
86,writer,Matthew Vaughn,2802144,male
87,writer,Mark Millar,2802144,male
88,writer,Dave Gibbons,2802144,male
89,director,Matthew Vaughn,2802144,male
90,actor,Adrian Quinton,2802144,male
91,actor,Colin Firth,2802144,male
92,actor,Mark Strong,2802144,male
93,writer,John Lasseter,0114709,male
94,writer,Pete Docter,0114709,male
95,writer,Andrew Stanton,0114709,male
96,writer,Joe Ranft,0114709,male
97,writer,Joss Whedon,0114709,male
98,writer,Andrew Stanton,0114709,male
99,writer,Joel Cohen,0114709,male
100,writer,Alec Sokolow,0114709,male
101,director,John Lasseter,0114709,male
102,actor,Tom Hanks,0114709,male
103,actor,Tim Allen,0114709,male
104,actor,Don Rickles,0114709,male
105,writer,Dan Sterling,2139881,male
106,writer,Liz Hannah,2139881,female
107,writer,Dan Sterling,2139881,male
108,director,Jonathan Levine,2139881,male
109,actor,Charlize Theron,2139881,female
110,actor,Seth Rogen,2139881,male
111,actor,June Diane Raphael,2139881,female
112,writer,Darcey Bell,7040874,unknown
113,writer,Jessica Sharzer,7040874,female
114,director,Paul Feig,7040874,male
115,actor,Anna Kendrick,7040874,female
116,actor,Ian Ho,7040874,male
117,actor,Joshua Satine,7040874,male
118,writer,Matt Holloway,2283336,male
119,writer,Art Marcum,2283336,male
120,writer,Lowell Cunningham,2283336,male
121,director,F. Gary Gray,2283336,unknown
122,actor,Chris Hemsworth,2283336,mostly_male
123,actor,Tessa Thompson,2283336,female
124,actor,Kumail Nanjiani,2283336,unknown
125,writer,James Gunn,2015381,male
126,writer,Nicole Perlman,2015381,female
127,writer,Dan Abnett,2015381,male
128,writer,Andy Lanning,2015381,male
129,writer,Bill Mantlo,2015381,male
130,writer,Keith Giffen,2015381,male
131,writer,Jim Starlin,2015381,male
132,writer,Steve Englehart,2015381,male
133,writer,Steve Gan,2015381,male
134,writer,Steve Gerber,2015381,male
135,writer,Val Mayerik,2015381,mostly_female
136,director,James Gunn,2015381,male
137,actor,Chris Pratt,2015381,mostly_male
138,actor,Zoe Saldana,2015381,female
139,actor,Dave Bautista,2015381,male
140,writer,Paul Thomas Anderson,1791528,male
141,writer,Thomas Pynchon,1791528,male
142,director,Paul Thomas Anderson,1791528,male
143,actor,Joanna Newsom,1791528,female
144,actor,Katherine Waterston,1791528,female
145,actor,Joaquin Phoenix,1791528,unknown
146,writer,Henry Gayden,0448115,male
147,writer,Henry Gayden,0448115,male
148,writer,Darren Lemke,0448115,male
149,writer,Bill Parker,0448115,male
150,writer,C.C. Beck,0448115,unknown
151,director,David F. Sandberg,0448115,male
152,actor,Zachary Levi,0448115,male
153,actor,Mark Strong,0448115,male
154,actor,Asher Angel,0448115,male
155,writer,Jack Barth,8079248,male
156,writer,Richard Curtis,8079248,male
157,writer,Richard Curtis,8079248,male
158,director,Danny Boyle,8079248,male
159,actor,Himesh Patel,8079248,unknown
160,actor,Lily James,8079248,female
161,actor,Sophia Di Martino,8079248,female
162,writer,James Gunn,0267913,male
163,writer,Craig Titley,0267913,male
164,writer,James Gunn,0267913,male
165,writer,William Hanna,0267913,male
166,writer,Joseph Barbera,0267913,male
167,director,Raja Gosnell,0267913,mostly_male
168,actor,Freddie Prinze Jr.,0267913,mostly_male
169,actor,Sarah Michelle Gellar,0267913,female
170,actor,Matthew Lillard,0267913,male
171,writer,Kevin Smith,0261392,male
172,writer,Kevin Smith,0261392,male
173,director,Kevin Smith,0261392,male
174,actor,Jason Mewes,0261392,male
175,actor,Kevin Smith,0261392,male
176,actor,Ben Affleck,0261392,male
177,writer,Abby Kohn,1001508,female
178,writer,Marc Silverstein,1001508,male
179,writer,Greg Behrendt,1001508,male
180,writer,Liz Tuccillo,1001508,female
181,director,Ken Kwapis,1001508,male
182,actor,Morgan Lily,1001508,mostly_male
183,actor,Trenton Rogers,1001508,male
184,actor,Michelle Carmichael,1001508,female
185,writer,John Lasseter,1979376,male
186,writer,Andrew Stanton,1979376,male
187,writer,Josh Cooley,1979376,male
188,writer,Valerie LaPointe,1979376,female
189,writer,Rashida Jones,1979376,female
190,writer,Will McCormack,1979376,mostly_male
191,writer,Martin Hynes,1979376,male
192,writer,Stephany Folsom,1979376,female
193,writer,Andrew Stanton,1979376,male
194,writer,Stephany Folsom,1979376,female
195,director,Josh Cooley,1979376,male
196,actor,Tom Hanks,1979376,male
197,actor,Tim Allen,1979376,male
198,actor,Annie Potts,1979376,female
199,writer,Simon Pegg,0365748,male
200,writer,Edgar Wright,0365748,male
201,director,Edgar Wright,0365748,male
202,actor,Simon Pegg,0365748,male
203,actor,Kate Ashfield,0365748,female
204,actor,Nick Frost,0365748,male
205,writer,Jacques Audiard,4971344,male
206,writer,Thomas Bidegain,4971344,male
207,writer,Patrick DeWitt,4971344,male
208,director,Jacques Audiard,4971344,male
209,actor,John C. Reilly,4971344,male
210,actor,Joaquin Phoenix,4971344,unknown
211,actor,Jake Gyllenhaal,4971344,male
212,writer,Richard O'Brien,0073629,male
213,writer,Jim Sharman,0073629,male
214,writer,Richard O'Brien,0073629,male
215,director,Jim Sharman,0073629,male
216,actor,Tim Curry,0073629,male
217,actor,Susan Sarandon,0073629,female
218,actor,Barry Bostwick,0073629,male
219,writer,Michael Bacall,0446029,male
220,writer,Edgar Wright,0446029,male
221,writer,Bryan Lee O'Malley,0446029,male
222,director,Edgar Wright,0446029,male
223,actor,Michael Cera,0446029,male
224,actor,Kieran Culkin,0446029,male
225,actor,Anna Kendrick,0446029,female
226,writer,Amy Heckerling,0112697,female
227,director,Amy Heckerling,0112697,female
228,actor,Alicia Silverstone,0112697,female
229,actor,Stacey Dash,0112697,mostly_female
230,actor,Brittany Murphy,0112697,female
231,writer,Kevin Smith,3099498,male
232,director,Kevin Smith,3099498,male
233,actor,Michael Parks,3099498,male
234,actor,Justin Long,3099498,male
235,actor,Genesis Rodriguez,3099498,female
236,writer,Stephen Chin,2005151,male
237,writer,Todd Phillips,2005151,male
238,writer,Jason Smilovic,2005151,male
239,writer,Guy Lawson,2005151,male
240,director,Todd Phillips,2005151,male
241,actor,Miles Teller,2005151,male
242,actor,Steve Lantz,2005151,male
243,actor,Gregg Weiner,2005151,male
244,writer,Jin Won Han,6751668,female
245,writer,Bong Joon Ho,6751668,andy
246,director,Bong Joon Ho,6751668,andy
247,actor,Kang-ho Song,6751668,unknown
248,actor,Yeo-jeong Jo,6751668,unknown
249,actor,So-dam Park,6751668,unknown
250,writer,Peter Chiarelli,3104988,male
251,writer,Adele Lim,3104988,female
252,writer,Kevin Kwan,3104988,male
253,director,Jon M. Chu,3104988,male
254,actor,Constance Wu,3104988,female
255,actor,Henry Golding,3104988,male
256,actor,Michelle Yeoh,3104988,female
257,writer,Roald Dahl,0117008,male
258,writer,Nicholas Kazan,0117008,male
259,writer,Robin Swicord,0117008,mostly_male
260,director,Danny DeVito,0117008,male
261,actor,Mara Wilson,0117008,female
262,actor,Danny DeVito,0117008,male
263,actor,Rhea Perlman,0117008,female
264,writer,Joel Coen,6412452,male
265,writer,Ethan Coen,6412452,male
266,writer,Jack London,6412452,male
267,writer,Stewart Edward White,6412452,male
268,director,Ethan Coen,6412452,male
269,director,Joel Coen,6412452,male
270,actor,Tim Blake Nelson,6412452,male
271,actor,Willie Watson,6412452,mostly_male
272,actor,Clancy Brown,6412452,male
273,writer,Adam McKay,6266538,male
274,director,Adam McKay,6266538,male
275,actor,Christian Bale,6266538,male
276,actor,Amy Adams,6266538,female
277,actor,Steve Carell,6266538,male
278,writer,Aline Brosh McKenna,0458352,female
279,writer,Lauren Weisberger,0458352,mostly_female
280,director,David Frankel,0458352,male
281,actor,Meryl Streep,0458352,mostly_female
282,actor,Anne Hathaway,0458352,female
283,actor,Emily Blunt,0458352,female
284,writer,Chris Columbus,0087363,mostly_male
285,director,Joe Dante,0087363,male
286,actor,Hoyt Axton,0087363,male
287,actor,John Louie,0087363,male
288,actor,Keye Luke,0087363,unknown
289,writer,Gary Ross,5164214,male
290,writer,Olivia Milch,5164214,female
291,writer,Gary Ross,5164214,male
292,writer,George Clayton Johnson,5164214,male
293,writer,Jack Golden Russell,5164214,male
294,director,Gary Ross,5164214,male
295,actor,Sandra Bullock,5164214,female
296,actor,Griffin Dunne,5164214,male
297,actor,Deidre Goodwin,5164214,female
298,writer,Erin Cressida Wilson,0274812,mostly_female
299,writer,Mary Gaitskill,0274812,mostly_female
300,writer,Steven Shainberg,0274812,male
301,writer,Erin Cressida Wilson,0274812,mostly_female
302,director,Steven Shainberg,0274812,male
303,actor,James Spader,0274812,male
304,actor,Maggie Gyllenhaal,0274812,female
305,actor,Jeremy Davies,0274812,male
306,writer,Kim Wilson,0104694,mostly_female
307,writer,Kelly Candaele,0104694,mostly_female
308,writer,Lowell Ganz,0104694,male
309,writer,Babaloo Mandel,0104694,unknown
310,director,Penny Marshall,0104694,female
311,actor,Tom Hanks,0104694,male
312,actor,Geena Davis,0104694,female
313,actor,Lori Petty,0104694,female
314,writer,Joyce Maynard,0114681,female
315,writer,Buck Henry,0114681,male
316,director,Gus Van Sant,0114681,male
317,actor,Nicole Kidman,0114681,female
318,actor,Matt Dillon,0114681,male
319,actor,Joaquin Phoenix,0114681,unknown
320,writer,Jemaine Clement,3416742,unknown
321,writer,Taika Waititi,3416742,unknown
322,director,Jemaine Clement,3416742,unknown
323,director,Taika Waititi,3416742,unknown
324,actor,Jemaine Clement,3416742,unknown
325,actor,Taika Waititi,3416742,unknown
326,actor,Jonny Brugh,3416742,male
327,writer,Joseph Oriolo,0112642,male
328,writer,Sherri Stoner,0112642,female
329,writer,Deanna Oliver,0112642,female
330,director,Brad Silberling,0112642,male
331,actor,Chauncey Leopardi,0112642,male
332,actor,Spencer Vrooman,0112642,male
333,actor,Malachi Pearson,0112642,male
334,writer,W. Peter Iliff,0139699,unknown
335,director,Brian Robbins,0139699,male
336,actor,James Van Der Beek,0139699,male
337,actor,Jon Voight,0139699,male
338,actor,Paul Walker,0139699,male
339,writer,Guy Ritchie,0208092,male
340,director,Guy Ritchie,0208092,male
341,actor,Benicio Del Toro,0208092,male
342,actor,Dennis Farina,0208092,male
343,actor,Vinnie Jones,0208092,male
344,writer,Robert Zemeckis,0096874,male
345,writer,Bob Gale,0096874,male
346,writer,Robert Zemeckis,0096874,male
347,writer,Bob Gale,0096874,male
348,writer,Bob Gale,0096874,male
349,director,Robert Zemeckis,0096874,male
350,actor,Michael J. Fox,0096874,male
351,actor,Christopher Lloyd,0096874,male
352,actor,Lea Thompson,0096874,female
353,writer,Robert Zemeckis,0088763,male
354,writer,Bob Gale,0088763,male
355,director,Robert Zemeckis,0088763,male
356,actor,Michael J. Fox,0088763,male
357,actor,Christopher Lloyd,0088763,male
358,actor,Lea Thompson,0088763,female
359,writer,Ethan Coen,0118715,male
360,writer,Joel Coen,0118715,male
361,director,Joel Coen,0118715,male
362,director,Ethan Coen,0118715,male
363,actor,Jeff Bridges,0118715,male
364,actor,John Goodman,0118715,male
365,actor,Julianne Moore,0118715,female
366,writer,Rawson Marshall Thurber,0364725,unknown
367,director,Rawson Marshall Thurber,0364725,unknown
368,actor,Vince Vaughn,0364725,male
369,actor,Christine Taylor,0364725,female
370,actor,Ben Stiller,0364725,male
371,writer,Shawn Wayans,0175142,mostly_male
372,writer,Marlon Wayans,0175142,male
373,writer,Buddy Johnson,0175142,male
374,writer,Phil Beauman,0175142,male
375,writer,Jason Friedberg,0175142,male
376,writer,Aaron Seltzer,0175142,male
377,director,Keenen Ivory Wayans,0175142,unknown
378,actor,Carmen Electra,0175142,female
379,actor,Dave Sheridan,0175142,male
380,actor,Frank B. Moore,0175142,male
381,writer,Ryan Rowe,0160127,mostly_male
382,writer,Ed Solomon,0160127,male
383,writer,John August,0160127,male
384,writer,Ivan Goff,0160127,male
385,writer,Ben Roberts,0160127,male
386,director,McG,0160127,unknown
387,actor,Cameron Diaz,0160127,mostly_male
388,actor,Drew Barrymore,0160127,male
389,actor,Lucy Liu,0160127,female
390,writer,Stephen Merchant,6513120,male
391,director,Stephen Merchant,6513120,male
392,actor,Dwayne Johnson,6513120,male
393,actor,Thomas Whilley,6513120,male
394,actor,Tori Ellen Ross,6513120,female
395,writer,Tom O'Connor,1959563,male
396,director,Patrick Hughes,1959563,male
397,actor,Elodie Yung,1959563,female
398,actor,Ryan Reynolds,1959563,mostly_male
399,actor,Tsuwayuki Saotome,1959563,unknown
400,writer,Rhett Reese,1431045,male
401,writer,Paul Wernick,1431045,male
402,director,Tim Miller,1431045,male
403,actor,Ryan Reynolds,1431045,mostly_male
404,actor,Karan Soni,1431045,female
405,actor,Ed Skrein,1431045,male
406,writer,Adam Herz,0163651,male
407,director,Paul Weitz,0163651,male
408,director,Chris Weitz,0163651,mostly_male
409,actor,Jason Biggs,0163651,male
410,actor,Jennifer Coolidge,0163651,female
411,actor,Shannon Elizabeth,0163651,mostly_female
412,writer,Dan Hernandez,5884052,male
413,writer,Benji Samit,5884052,male
414,writer,Rob Letterman,5884052,male
415,writer,Derek Connolly,5884052,male
416,writer,Dan Hernandez,5884052,male
417,writer,Benji Samit,5884052,male
418,writer,Nicole Perlman,5884052,female
419,writer,Satoshi Tajiri,5884052,male
420,writer,Ken Sugimori,5884052,male
421,writer,Junichi Masuda,5884052,male
422,writer,Atsuko Nishida,5884052,female
423,writer,Tomokazu Ohara,5884052,male
424,writer,Haruka Utsui,5884052,mostly_female
425,director,Rob Letterman,5884052,male
426,actor,Ryan Reynolds,5884052,mostly_male
427,actor,Justice Smith,5884052,andy
428,actor,Kathryn Newton,5884052,female
429,writer,Richard Curtis,0314331,male
430,director,Richard Curtis,0314331,male
431,actor,Bill Nighy,0314331,male
432,actor,Gregor Fisher,0314331,male
433,actor,Rory MacGregor,0314331,male
434,writer,Alejandro G. Iñárritu,2562232,male
435,writer,Nicolás Giacobone,2562232,male
436,writer,Alexander Dinelaris,2562232,male
437,writer,Armando Bo,2562232,male
438,writer,Raymond Carver,2562232,male
439,director,Alejandro G. Iñárritu,2562232,male
440,actor,Michael Keaton,2562232,male
441,actor,Emma Stone,2562232,female
442,actor,Kenny Chin,2562232,male
443,writer,Jan Fischer,0093437,male
444,writer,James Jeremias,0093437,male
445,writer,Jan Fischer,0093437,male
446,writer,James Jeremias,0093437,male
447,writer,Jeffrey Boam,0093437,male
448,director,Joel Schumacher,0093437,male
449,actor,Jason Patric,0093437,male
450,actor,Corey Haim,0093437,mostly_male
451,actor,Dianne Wiest,0093437,female
452,writer,Richard Curtis,2194499,male
453,director,Richard Curtis,2194499,male
454,actor,Domhnall Gleeson,2194499,male
455,actor,Rachel McAdams,2194499,female
456,actor,Bill Nighy,2194499,male
457,writer,Jane Goldman,1250777,female
458,writer,Matthew Vaughn,1250777,male
459,writer,Mark Millar,1250777,male
460,writer,John Romita Jr.,1250777,male
461,director,Matthew Vaughn,1250777,male
462,actor,Aaron Taylor-Johnson,1250777,male
463,actor,Garrett M. Brown,1250777,male
464,actor,Evan Peters,1250777,male
465,writer,Kay Cannon,1981677,male
466,writer,Mickey Rapkin,1981677,mostly_male
467,director,Jason Moore,1981677,male
468,actor,Anna Kendrick,1981677,female
469,actor,Skylar Astin,1981677,andy
470,actor,Ben Platt,1981677,male
471,writer,Jane Goldman,4649466,female
472,writer,Matthew Vaughn,4649466,male
473,writer,Mark Millar,4649466,male
474,writer,Dave Gibbons,4649466,male
475,director,Matthew Vaughn,4649466,male
476,actor,Taron Egerton,4649466,male
477,actor,Edward Holcroft,4649466,male
478,actor,Gordon Alexander,4649466,male
479,writer,Calder Willingham,0061722,male
480,writer,Buck Henry,0061722,male
481,writer,Charles Webb,0061722,male
482,director,Mike Nichols,0061722,male
483,actor,Anne Bancroft,0061722,female
484,actor,Dustin Hoffman,0061722,male
485,actor,Katharine Ross,0061722,female
486,writer,Nick Vallelonga,6966692,male
487,writer,Brian Hayes Currie,6966692,male
488,writer,Peter Farrelly,6966692,male
489,director,Peter Farrelly,6966692,male
490,actor,Viggo Mortensen,6966692,male
491,actor,Mahershala Ali,6966692,unknown
492,actor,Linda Cardellini,6966692,female
493,writer,Jared Bush,3521164,male
494,writer,Ron Clements,3521164,male
495,writer,John Musker,3521164,male
496,writer,Chris Williams,3521164,mostly_male
497,writer,Don Hall,3521164,male
498,writer,Pamela Ribon,3521164,female
499,writer,Aaron Kandell,3521164,male
500,writer,Jordan Kandell,3521164,male
501,director,Ron Clements,3521164,male
502,director,John Musker,3521164,male
503,director,Don Hall,3521164,male
504,director,Chris Williams,3521164,mostly_male
505,actor,Auli'i Cravalho,3521164,unknown
506,actor,Dwayne Johnson,3521164,male
507,actor,Rachel House,3521164,female
508,writer,Charles Randolph,1596363,male
509,writer,Adam McKay,1596363,male
510,writer,Michael Lewis,1596363,male
511,director,Adam McKay,1596363,male
512,actor,Ryan Gosling,1596363,mostly_male
513,actor,Rudy Eisenzopf,1596363,male
514,actor,Casey Groves,1596363,andy
515,writer,Ol Parker,6911608,unknown
516,writer,Richard Curtis,6911608,male
517,writer,Ol Parker,6911608,unknown
518,writer,Catherine Johnson,6911608,female
519,writer,Catherine Johnson,6911608,female
520,writer,Judy Craymer,6911608,female
521,writer,ABBA,6911608,unknown
522,director,Ol Parker,6911608,unknown
523,actor,Amanda Seyfried,6911608,female
524,actor,Andy Garcia,6911608,male
525,actor,Celia Imrie,6911608,female
526,writer,Karen McCullah,0147800,female
527,writer,Kirsten Smith,0147800,female
528,writer,William Shakespeare,0147800,male
529,director,Gil Junger,0147800,male
530,actor,Heath Ledger,0147800,male
531,actor,Julia Stiles,0147800,female
532,actor,Joseph Gordon-Levitt,0147800,male
533,writer,Stanley Shapiro,1298644,male
534,writer,Paul Henning,1298644,male
535,writer,Dale Launer,1298644,mostly_male
536,writer,Jac Schaeffer,1298644,male
537,writer,Stanley Shapiro,1298644,male
538,writer,Paul Henning,1298644,male
539,writer,Dale Launer,1298644,mostly_male
540,director,Chris Addison,1298644,mostly_male
541,actor,Timothy Simons,1298644,male
542,actor,Rebel Wilson,1298644,unknown
543,actor,Douggie McMeekin,1298644,unknown
544,writer,Chris McKenna,2283362,mostly_male
545,writer,Erik Sommers,2283362,male
546,writer,Scott Rosenberg,2283362,male
547,writer,Jeff Pinkner,2283362,male
548,writer,Chris McKenna,2283362,mostly_male
549,writer,Chris Van Allsburg,2283362,mostly_male
550,writer,Greg Taylor,2283362,male
551,writer,Chris Van Allsburg,2283362,mostly_male
552,writer,Jonathan Hensleigh,2283362,male
553,writer,Greg Taylor,2283362,male
554,director,Jake Kasdan,2283362,male
555,actor,Dwayne Johnson,2283362,male
556,actor,Kevin Hart,2283362,male
557,actor,Jack Black,2283362,male
558,writer,Dan Aykroyd,0087332,male
559,writer,Harold Ramis,0087332,male
560,writer,Rick Moranis,0087332,male
561,director,Ivan Reitman,0087332,male
562,actor,Bill Murray,0087332,male
563,actor,Dan Aykroyd,0087332,male
564,actor,Sigourney Weaver,0087332,female
565,writer,Jennifer Lee,2294629,female
566,writer,Hans Christian Andersen,2294629,male
567,writer,Chris Buck,2294629,mostly_male
568,writer,Jennifer Lee,2294629,female
569,writer,Shane Morris,2294629,male
570,director,Chris Buck,2294629,mostly_male
571,director,Jennifer Lee,2294629,female
572,actor,Kristen Bell,2294629,female
573,actor,Idina Menzel,2294629,unknown
574,actor,Jonathan Groff,2294629,male
575,writer,Eric Pearson,3501632,male
576,writer,Craig Kyle,3501632,male
577,writer,Christopher L. Yost,3501632,male
578,writer,Stan Lee,3501632,male
579,writer,Larry Lieber,3501632,male
580,writer,Jack Kirby,3501632,male
581,writer,Greg Pak,3501632,male
582,writer,Walter Simonson,3501632,male
583,writer,Carlo Pagulayan,3501632,male
584,director,Taika Waititi,3501632,unknown
585,actor,Chris Hemsworth,3501632,mostly_male
586,actor,Tom Hiddleston,3501632,male
587,actor,Cate Blanchett,3501632,female
588,writer,David Kirschner,0107120,male
589,writer,Mick Garris,0107120,male
590,writer,Mick Garris,0107120,male
591,writer,Neil Cuthbert,0107120,male
592,director,Kenny Ortega,0107120,male
593,actor,Bette Midler,0107120,female
594,actor,Sarah Jessica Parker,0107120,female
595,actor,Kathy Najimy,0107120,female
596,writer,Jon Lucas,1119646,male
597,writer,Scott Moore,1119646,male
598,director,Todd Phillips,1119646,male
599,actor,Bradley Cooper,1119646,male
600,actor,Ed Helms,1119646,male
601,actor,Zach Galifianakis,1119646,male
602,writer,Michael McDowell,0094721,male
603,writer,Larry Wilson,0094721,male
604,writer,Michael McDowell,0094721,male
605,writer,Warren Skaaren,0094721,male
606,director,Tim Burton,0094721,male
607,actor,Alec Baldwin,0094721,male
608,actor,Geena Davis,0094721,female
609,actor,Annie McEnroe,0094721,female
610,writer,Ivan Goff,0305357,male
611,writer,Ben Roberts,0305357,male
612,writer,John August,0305357,male
613,writer,John August,0305357,male
614,writer,Cormac Wibberley,0305357,male
615,writer,Marianne Wibberley,0305357,female
616,director,McG,0305357,unknown
617,actor,Cameron Diaz,0305357,mostly_male
618,actor,Drew Barrymore,0305357,male
619,actor,Lucy Liu,0305357,female
620,writer,Kenya Barris,4463894,mostly_female
621,writer,Alex Barnow,4463894,male
622,writer,Ernest Tidyman,4463894,male
623,director,Tim Story,4463894,male
624,actor,Samuel L. Jackson,4463894,male
625,actor,Jessie T. Usher,4463894,female
626,actor,Richard Roundtree,4463894,male
627,writer,Michael Berk,1469304,male
628,writer,Douglas Schwartz,1469304,male
629,writer,Gregory J. Bonann,1469304,male
630,writer,Jay Scherick,1469304,male
631,writer,David Ronn,1469304,male
632,writer,Thomas Lennon,1469304,male
633,writer,Robert Ben Garant,1469304,male
634,writer,Damian Shannon,1469304,male
635,writer,Mark Swift,1469304,male
636,director,Seth Gordon,1469304,male
637,actor,Dwayne Johnson,1469304,male
638,actor,Zac Efron,1469304,unknown
639,actor,Priyanka Chopra,1469304,female
640,writer,P.L. Travers,5028340,unknown
641,writer,David Magee,5028340,male
642,writer,Rob Marshall,5028340,male
643,writer,John DeLuca,5028340,male
644,writer,David Magee,5028340,male
645,director,Rob Marshall,5028340,male
646,actor,Emily Blunt,5028340,female
647,actor,Lin-Manuel Miranda,5028340,unknown
648,actor,Ben Whishaw,5028340,male
649,writer,Jim Jarmusch,8695030,male
650,director,Jim Jarmusch,8695030,male
651,actor,Bill Murray,8695030,male
652,actor,Adam Driver,8695030,male
653,actor,Tom Waits,8695030,male
654,writer,Bob Fisher,1723121,male
655,writer,Steve Faber,1723121,male
656,writer,Sean Anders,1723121,male
657,writer,John Morris,1723121,male
658,writer,Bob Fisher,1723121,male
659,writer,Steve Faber,1723121,male
660,director,Rawson Marshall Thurber,1723121,unknown
661,actor,Jennifer Aniston,1723121,female
662,actor,Jason Sudeikis,1723121,male
663,actor,Emma Roberts,1723121,female
664,writer,Charles Addams,0106220,male
665,writer,Paul Rudnick,0106220,male
666,director,Barry Sonnenfeld,0106220,male
667,actor,Anjelica Huston,0106220,unknown
668,actor,Raul Julia,0106220,male
669,actor,Christopher Lloyd,0106220,male
670,writer,Rhett Reese,5463162,male
671,writer,Paul Wernick,5463162,male
672,writer,Ryan Reynolds,5463162,mostly_male
673,writer,Rob Liefeld,5463162,male
674,writer,Fabian Nicieza,5463162,male
675,director,David Leitch,5463162,male
676,actor,Ryan Reynolds,5463162,mostly_male
677,actor,Josh Brolin,5463162,male
678,actor,Morena Baccarin,5463162,female
679,writer,Quentin Tarantino,7131622,male
680,director,Quentin Tarantino,7131622,male
681,actor,Leonardo DiCaprio,7131622,male
682,actor,Brad Pitt,7131622,male
683,actor,Margot Robbie,7131622,female
684,writer,Stefan Zweig,2278388,male
685,writer,Wes Anderson,2278388,male
686,writer,Wes Anderson,2278388,male
687,writer,Hugo Guinness,2278388,male
688,director,Wes Anderson,2278388,male
689,actor,Ralph Fiennes,2278388,male
690,actor,F. Murray Abraham,2278388,unknown
691,actor,Mathieu Amalric,2278388,male
692,writer,Damien Chazelle,3783958,male
693,director,Damien Chazelle,3783958,male
694,actor,Ryan Gosling,3783958,mostly_male
695,actor,Emma Stone,3783958,female
696,actor,Amiée Conn,3783958,unknown
697,writer,John Hughes,0088847,male
698,director,John Hughes,0088847,male
699,actor,Emilio Estevez,0088847,male
700,actor,Paul Gleason,0088847,male
701,actor,Anthony Michael Hall,0088847,male
702,writer,Rhett Reese,1156398,male
703,writer,Paul Wernick,1156398,male
704,director,Ruben Fleischer,1156398,male
705,actor,Jesse Eisenberg,1156398,male
706,actor,Woody Harrelson,1156398,male
707,actor,Emma Stone,1156398,female
708,writer,Mike White,0332379,male
709,director,Richard Linklater,0332379,male
710,actor,Jack Black,0332379,male
711,actor,Adam Pascal,0332379,male
712,actor,Lucas Papaelias,0332379,male
713,writer,John Landis,0088930,male
714,writer,Jonathan Lynn,0088930,male
715,writer,Jonathan Lynn,0088930,male
716,writer,Anthony E. Pratt,0088930,male
717,director,Jonathan Lynn,0088930,male
718,actor,Eileen Brennan,0088930,female
719,actor,Tim Curry,0088930,male
720,actor,Madeline Kahn,0088930,female
721,writer,Chris Columbus,0089218,mostly_male
722,writer,Steven Spielberg,0089218,male
723,director,Richard Donner,0089218,male
724,actor,Sean Astin,0089218,male
725,actor,Josh Brolin,0089218,male
726,actor,Jeff Cohen,0089218,male
727,writer,Erin Cardillo,2452244,mostly_female
728,writer,Dana Fox,2452244,female
729,writer,Katie Silberman,2452244,female
730,writer,Erin Cardillo,2452244,mostly_female
731,director,Todd Strauss-Schulson,2452244,male
732,actor,Rebel Wilson,2452244,unknown
733,actor,Liam Hemsworth,2452244,male
734,actor,Adam Devine,2452244,male
735,writer,Paul D. Zimmerman,0085794,male
736,director,Martin Scorsese,0085794,male
737,actor,Robert De Niro,0085794,male
738,actor,Jerry Lewis,0085794,male
739,actor,Diahnne Abbott,0085794,unknown
740,writer,James Vanderbilt,1618434,male
741,director,Kyle Newacheck,1618434,mostly_female
742,actor,Adam Sandler,1618434,male
743,actor,Jennifer Aniston,1618434,female
744,actor,Luke Evans,1618434,male
745,writer,George Gallo,0112442,male
746,writer,Michael Barrie,0112442,male
747,writer,Jim Mulholland,0112442,male
748,writer,Doug Richardson,0112442,male
749,director,Michael Bay,0112442,male
750,actor,Lisa Boyle,0112442,female
751,actor,Michael Taliferro,0112442,male
752,actor,Emmanuel Xuereb,0112442,male
